{
  "ae": "Emiratos Arabes Unidos",
  "ag": "Antigua y Barbuda",
  "as": "Samoa Americana",
  "au.nt": "Australia: Territorio Norte",
  "au.wa": "Australia: Australia del Oeste",
  "au.sa": "Australia: Australia del Sur",
  "au.vic": "Australia: Victoria",
  "au.qld": "Australia: Queensland",
  "au.nsw": "Australia: New South Wales",
  "au.act": "Australia: Región Capital",
  "au.tas": "Australia: Tasmania",
  "ba": "Bosnia y Herzegovina",
  "be": "Bélgica",
  "br": "Brasil",
  "by": "Belarusia",
  "ca": "Canadá",
  "ca.ab": "Canadá: Alberta",
  "ca.bc": "Canadá: Columbia Británica",
  "ca.mb": "Canadá: Manitoba",
  "ca.ns": "Canadá: Nova Scotia",
  "ca.nb": "Canadá: Nuevo Brunswick",
  "ca.nl": "Canadá: Newfoundland y Labrador",
  "ca.on": "Canadá: Ontario",
  "ca.pe": "Canadá: Prince Edward Island",
  "ca.qc": "Canadá: Quebec",
  "ca.sk": "Canadá: Saskatchewan",
  "ca.Northwest Territories": "Canadá: Territorios del Noroeste",
  "cd": "República Democratica del Congo",
  "cf": "República Central Africana",
  "ch": "Suiza",
  "ci": "Costa Marfil",
  "ck": "Islas Cook",
  "cm": "Camerún",
  "cn.other": "China: Otras Regiones",
  "cv": "Cabo Verde",
  "cy": "Chipre",
  "cz": "República Checa",
  "de": "Alemania",
  "dk": "Dinamarca",
  "dk.Faroe Islands": "Dinamarca: Islas Faroe",
  "dk.Greenland": "Dinamarca: Groenlandia",
  "do": "República Dominicana",
  "eg": "Egipto",
  "es": "España",
  "et": "Etiopía",
  "fi": "Finlandia",
  "fr": "Francia",
  "fr.French Guiana": "Francia: Guayana Francesa",
  "fr.French Polynesia": "Francia: Polinesia Francesa",
  "fr.Guadelupe": "Francia: Guadalupe",
  "fr.New Caledonia": "Francia: Nueva Caledonia",
  "fr.Mayotte": "Francia: Mayotte",
  "fr.Reunion": "Francia: Reunión",
  "fr.St Martin": "Francia: St Martin",
  "fr.Saint Barthelemy": "Francia: St Barthelemy",
  "gb": "Grán Bretaña",
  "gb.Cayman Islands": "GB: Islas Caymán",
  "gb.Channel Islands": "GB: Islas del Canal",
  "gb.Isle of Man": "GB: Isla de Man",
  "gb.Bermuda": "GB: Bermuda",
  "gb.Gibraltar": "GB: Gibraltar",
  "gb.Montserrat": "GB: Montserrat",
  "gl": "Groenlandia",
  "gq": "Guinea Ecuatorial",
  "gr": "Grecia",
  "hr": "Croacia",
  "hu": "Hungría",
  "ie": "Irlanda",
  "it": "Italia",
  "ir": "Irán",
  "is": "Islandia",
  "iq": "Irak",
  "jp": "Japón",
  "jo": "Jordania",
  "kn": "Saint Kitts y Nevis",
  "kr": "Corea del Sur",
  "lb": "Líbano",
  "lt": "Lituania",
  "lu": "Luxemburgo",
  "ma": "Marruecos",
  "mh": "Islas Marshall",
  "mq": "Martinica",
  "mk": "Macedonia Norte",
  "mx": "México",
  "my": "Malásia",
  "nc": "Nueva Caledonia",
  "nl": "Holanda",
  "nz": "Nueva Zelandia",
  "nl.Sint Marteen": "Holanda: Sint Marteen",
  "nl.Curacao": "Holanda: Curazao",
  "no": "Noruega",
  "pa": "Panamá",
  "pe": "Perú",
  "pg": "Papua Nueva Guinea",
  "ph": "Filipinas",
  "pk": "Pakistán",
  "pl": "Polonia",
  "pm": "Saint Pierre y Miquelon",
  "ro": "Rumania",
  "ru": "Rusia",
  "th": "Tailandia",
  "tl": "Timor Este",
  "tr": "Turquía",
  "sa": "Arabia Saudita",
  "sd": "Sudán",
  "se": "Suecia",
  "sg": "Singapur",
  "si": "Eslovenia",
  "sk": "Eslovaquia",
  "sr": "Surinám",
  "ss": "Sudán del Sur",
  "sy": "Siria",
  "sz": "Swazilandia",
  "tc": "Turk y Caicos",
  "tt": "Trinidad y Tobago",
  "ua": "Ucrania",
  "uk": "Reino Unido",
  "us": "EEUU",
  "us.al": "EEUU: Alabama",
  "us.ak": "EEUU: Alaska",
  "us.az": "EEUU: Arizona",
  "us.ar": "EEUU: Arkansas",
  "us.ca": "EEUU: California",
  "us.co": "EEUU: Colorado",
  "us.ct": "EEUU: Connecticut",
  "us.de": "EEUU: Delaware",
  "us.dc": "EEUU: Washington DC",
  "us.fl": "EEUU: Florida",
  "us.ga": "EEUU: Georgia",
  "us.hi": "EEUU: Hawaii",
  "us.id": "EEUU: Idaho",
  "us.il": "EEUU: Illinois",
  "us.in": "EEUU: Indiana",
  "us.ia": "EEUU: Iowa",
  "us.ks": "EEUU: Kansas",
  "us.ky": "EEUU: Kentucky",
  "us.la": "EEUU: Luisiana",
  "us.me": "EEUU: Maine",
  "us.ma": "EEUU: Massachusetts",
  "us.md": "EEUU: Maryland",
  "us.mi": "EEUU: Míchigan",
  "us.mn": "EEUU: Minnesota",
  "us.ms": "EEUU: Mississippi",
  "us.mo": "EEUU: Missouri",
  "us.mt": "EEUU: Montana",
  "us.ne": "EEUU: Nebraska",
  "us.nv": "EEUU: Nevada",
  "us.nh": "EEUU: New Hampshire",
  "us.nj": "EEUU: Nueva Jersey",
  "us.nm": "EEUU: Nuevo México",
  "us.ny": "EEUU: Estado de Nueva York",
  "us.nc": "EEUU: Carolina del Norte",
  "us.nd": "EEUU: Dakota del Norte",
  "us.oh": "EEUU: Ohio",
  "us.ok": "EEUU: Oklahoma",
  "us.or": "EEUU: Oregon",
  "us.pa": "EEUU: Pennsilvania",
  "us.ri": "EEUU: Rhode Island",
  "us.sc": "EEUU: Carolina del Sur",
  "us.sd": "EEUU: Dakota del Sur",
  "us.tn": "EEUU: Tennessee",
  "us.tx": "EEUU: Texas",
  "us.ut": "EEUU: Utah",
  "us.vt": "EEUU: Vermont",
  "us.va": "EEUU: Virginia",
  "us.vi": "EEUU: Islas Vírgenes",
  "us.wa": "EEUU: Estado de Washington",
  "us.wv": "EEUU: West Virginia",
  "us.wi": "EEUU: Wisconsin",
  "us.wy": "EEUU: Wyoming",
  "va": "El Vaticano",
  "vc": "San Vicente y las Grenadinas",
  "wf": "Wallis y Fortuna",
  "za": "Sudáfrica"
}
